{
  "root" : {
    "__class" : "RootNode",
    "children" : [
      {
        "__class" : "FrameNode",
        "aspectRatio" : null,
        "blendingEnabled" : 0,
        "blendingMode" : "normal",
        "blur" : 12,
        "blurEnabled" : 0,
        "blurType" : "layer",
        "borderBottom" : 1,
        "borderColor" : "#222",
        "borderEnabled" : 0,
        "borderLeft" : 1,
        "borderPerSide" : false,
        "borderRight" : 1,
        "borderStyle" : "solid",
        "borderTop" : 1,
        "borderWidth" : 1,
        "bottom" : null,
        "boxShadows" : [

        ],
        "brightness" : 100,
        "brightnessEnabled" : 0,
        "centerAnchorX" : 0,
        "centerAnchorY" : 0,
        "children" : [
          {
            "__class" : "TextNode",
            "autoSize" : false,
            "blur" : 12,
            "blurEnabled" : 0,
            "blurType" : "layer",
            "bottom" : null,
            "brightness" : 100,
            "brightnessEnabled" : 0,
            "centerAnchorX" : 0.71770833333333328,
            "centerAnchorY" : 0.16851851851851851,
            "codeOverrideEnabled" : false,
            "constraintsLocked" : false,
            "contrast" : 100,
            "contrastEnabled" : 0,
            "exportOptions" : [

            ],
            "grayscale" : 0,
            "grayScaleEnabled" : 0,
            "height" : 68,
            "heightType" : 0,
            "hueRotate" : 0,
            "hueRotateEnabled" : 0,
            "id" : "gumakdudn",
            "invert" : 0,
            "invertEnabled" : 0,
            "isTarget" : false,
            "left" : null,
            "locked" : false,
            "name" : null,
            "opacity" : 1,
            "originalid" : null,
            "parentid" : "PUY0wGaGw",
            "right" : 236,
            "rotation" : 0,
            "saturate" : 100,
            "saturateEnabled" : 0,
            "sepia" : 0,
            "sepiaEnabled" : 0,
            "shadows" : [

            ],
            "styledText" : {
              "__class" : "StyledTextDraft",
              "blocks" : [
                {
                  "data" : {
                    "emptyStyle" : [
                      "FONT:HelveticaNeue",
                      "COLOR:rgb(0, 0, 0)",
                      "SIZE:16",
                      "LETTERSPACING:0",
                      "LINEHEIGHT:1.2"
                    ]
                  },
                  "depth" : 0,
                  "entityRanges" : [

                  ],
                  "inlineStyleRanges" : [
                    {
                      "length" : 6,
                      "offset" : 0,
                      "style" : "FONT:HelveticaNeue"
                    },
                    {
                      "length" : 6,
                      "offset" : 0,
                      "style" : "COLOR:rgb(0, 0, 0)"
                    },
                    {
                      "length" : 6,
                      "offset" : 0,
                      "style" : "SIZE:16"
                    },
                    {
                      "length" : 6,
                      "offset" : 0,
                      "style" : "LETTERSPACING:0"
                    },
                    {
                      "length" : 6,
                      "offset" : 0,
                      "style" : "LINEHEIGHT:1.2"
                    }
                  ],
                  "key" : "8k0a5",
                  "text" : "Aufbau",
                  "type" : "unstyled"
                }
              ],
              "cached" : {
                "html" : "<div data-offset-key=\"8k0a5-0-0\" class=\"public-DraftStyleDefault-block public-DraftStyleDefault-ltr\"><span data-offset-key=\"8k0a5-0-0\" style=\"tab-size:4;font-weight:400;font-family:&quot;HelveticaNeue&quot;, &quot;Helvetica Neue&quot;, sans-serif;-webkit-text-fill-color:rgb(0, 0, 0);font-size:16px;letter-spacing:0px;line-height:1.2\"><span data-text=\"true\">Aufbau<\/span><\/span><\/div>",
                "os" : "10_13",
                "size" : {
                  "height" : 19,
                  "width" : 613
                },
                "width" : 612
              },
              "entityMap" : {

              }
            },
            "top" : 148,
            "visible" : true,
            "width" : 612,
            "widthType" : 0,
            "x" : 1072,
            "y" : 148
          }
        ],
        "clip" : true,
        "codeOverrideEnabled" : false,
        "constraintsLocked" : false,
        "contrast" : 100,
        "contrastEnabled" : 0,
        "deviceType" : "framer\/FramerDellXPS",
        "exportOptions" : [

        ],
        "fillColor" : "rgba(255,255,255,1)",
        "fillEnabled" : true,
        "fillGradient" : {
          "__class" : "LinearGradient",
          "alpha" : 1,
          "angle" : 0,
          "end" : "rgba(0,0,0,0)",
          "start" : "black"
        },
        "fillImage" : null,
        "fillImagePixelHeight" : null,
        "fillImagePixelWidth" : null,
        "fillImageResize" : "fill",
        "fillType" : "color",
        "grayscale" : 0,
        "grayScaleEnabled" : 0,
        "height" : 1080,
        "heightType" : 0,
        "hueRotate" : 0,
        "hueRotateEnabled" : 0,
        "id" : "PUY0wGaGw",
        "intrinsicHeight" : null,
        "intrinsicWidth" : null,
        "invert" : 0,
        "invertEnabled" : 0,
        "isExternalMaster" : null,
        "isMaster" : false,
        "isTarget" : false,
        "left" : 0,
        "locked" : false,
        "name" : null,
        "navigationTarget" : null,
        "navigationTransition" : "push",
        "navigationTransitionBackdropColor" : "rgba(4,4,15,.4)",
        "navigationTransitionDirection" : "left",
        "opacity" : 1,
        "originalid" : null,
        "parentid" : "m1r1swt1e",
        "previewSettings" : null,
        "radius" : 0,
        "radiusBottomLeft" : 0,
        "radiusBottomRight" : 0,
        "radiusIsRelative" : false,
        "radiusPerCorner" : false,
        "radiusTopLeft" : 0,
        "radiusTopRight" : 0,
        "replicaInfo" : null,
        "right" : null,
        "rotation" : 0,
        "saturate" : 100,
        "saturateEnabled" : 0,
        "sepia" : 0,
        "sepiaEnabled" : 0,
        "top" : 0,
        "visible" : true,
        "width" : 1920,
        "widthType" : 0
      }
    ],
    "id" : "m1r1swt1e",
    "name" : null,
    "originalid" : null,
    "parentid" : null,
    "visible" : false
  },
  "version" : 47
}